{
  "interactionModel": {
    "languageModel": {
      "intents": [
        {
          "slots": [
            {
              "name": "dispositivo",
              "type": "AMAZON.SearchQuery"
            }
          ],
          "name": "TurnOnIntent",
          "samples": [
            "accendi {dispositivo}",
            "attiva {dispositivo}",
            "metti acceso {dispositivo}"
          ]
        },
        {
          "slots": [
            {
              "name": "dispositivo",
              "type": "AMAZON.SearchQuery"
            }
          ],
          "name": "TurnOffIntent",
          "samples": [
            "spegni {dispositivo}",
            "disattiva {dispositivo}",
            "metti spento {dispositivo}"
          ]
        },
        {
          "slots": [
            {
              "name": "tapparella",
              "type": "AMAZON.SearchQuery"
            }
          ],
          "name": "OpenBlindIntent",
          "samples": [
            "apri {tapparella}",
            "alza {tapparella}",
            "tira su {tapparella}"
          ]
        },
        {
          "slots": [
            {
              "name": "tapparella",
              "type": "AMAZON.SearchQuery"
            }
          ],
          "name": "CloseBlindIntent",
          "samples": [
            "chiudi {tapparella}",
            "abbassa {tapparella}",
            "tira giu {tapparella}"
          ]
        },
        {
          "name": "AMAZON.HelpIntent",
          "samples": []
        },
        {
          "name": "AMAZON.CancelIntent",
          "samples": []
        },
        {
          "name": "AMAZON.StopIntent",
          "samples": []
        },
        {
          "name": "AMAZON.NavigateHomeIntent",
          "samples": []
        }
      ],
      "types": [],
      "invocationName": "zik"
    }
  }
}